,CacheUse,CacheTime,MemUseRead,MemUseWrite,MemTime,VirtUseRead,VirtUseWrite,VirtTime,CacheFault,PageFault,CacheFoundRatio,Compacts
Config1,22164,22164,734372,746660,14810320,712704,700416,141312000,8489,348,0.6169915177765746,0
Config2,22164,22164,828424,842760,16711840,798720,784384,158310400,5505,390,0.7516242555495398,0
Config3,22164,22164,1192272,1282384,24746560,1234944,1144832,237977600,2965,603,0.8662245082115142,0
Config4,22164,22164,1245600,1470880,27164800,1417216,1191936,260915200,1677,692,0.9243367623172712,0
Config5,22164,22164,1212416,1540096,27525120,1474560,1146880,262144000,1024,720,0.9537989532575347,0
Config6,22164,22164,1043072,1407616,24506880,1318912,954368,227328000,693,644,0.968733080671359,0
